{
    "context": {
        "title": "Home",
        "sections": [
            {
                "title": "Accordion 1",
                "content": "<p>This is the content area of accordion 1, specifically for the home page</p>"
            },
            {
                "title": "Accordion 2",
                "content": "<p>This is the content area of accordion 2, specifically for the home page</p>"
            },
            {
                "title": "Accordion 3",
                "content": "<p>This is the content area of accordion 3, specifically for the home page</p>"
            }
        ]
    }
}
