{
    "context": {
        "sections": [
            {
                "title": "Accordion 1",
                "content": "<p>This is the content area of accordion 1</p>"
            },
            {
                "title": "Accordion 2",
                "content": "<p>This is the content area of accordion 2</p>"
            }
        ]
    },
    "variants": [
        {
            "name": "become-tabs",
            "context": {
                "modifier": "become-tabs",
                "id": "silc-accordion-become-tabs"
            }
        },
        {
            "name": "tabs",
            "context": {
                "modifier": "tabs",
                "id": "silc-accordion-tabs",
                "sections": [
                    {
                        "title": "Tab 1",
                        "content": "<p>This is the content area of tab 1</p>"
                    },
                    {
                        "title": "Tab 2",
                        "content": "<p>This is the content area of tab 2</p>"
                    }
                ]
            }
        }
    ]
}
